datum;ags;Bezirk-Nr;Bezirk-Name;Bezirk-Art;Wahlraum-Bezeichnung;Wahlraum-Adresse;Wahlraum-Barrierefrei;Wahlraum-Barrierefrei-Ergaenzung
09.03.2025;06414000;111;0111 Rathaus;W;Rathaus, 1. OG, Kleiner Festsaal;Schlossplatz 6, 65183 Wiesbaden;ja;
09.03.2025;06414000;112;0112 Rathaus;W;Rathaus, Erdgeschoss, Zimmer 22;Schlossplatz 6, 65183 Wiesbaden;ja;
09.03.2025;06414000;121;0121 Oranienschule;W;Oranienschule, Erdgeschoss, Zimmer 0;Oranienstraße 7, 65185 Wiesbaden;nein;
09.03.2025;06414000;122;0122 Oranienschule;W;Oranienschule, Erdgeschoss, Zimmer 1;Oranienstraße 7, 65185 Wiesbaden;nein;
09.03.2025;06414000;123;0123 Oranienschule;W;Oranienschule, Erdgeschoss, Zimmer 2;Oranienstraße 7, 65185 Wiesbaden;nein;
09.03.2025;06414000;131;0131 Friedrich-Ludwig-Jahn-Schule;W;Friedrich-Ludwig-Jahn-Schule, Eing. Adelheidstr., EG, Mensa;Karlstraße 21 bis 25, 65185 Wiesbaden;ja;
09.03.2025;06414000;132;0132 Oranienschule;W;Oranienschule, Erdgeschoss, Zimmer 8;Oranienstraße 7, 65185 Wiesbaden;nein;
09.03.2025;06414000;133;0133 Oranienschule;W;Oranienschule, Erdgeschoss, Zimmer 9;Oranienstraße 7, 65185 Wiesbaden;nein;
09.03.2025;06414000;151;0151 Integrierte Gesamtschule;W;Integrierte Gesamtschule, Altbau, Erdg. 1-07;Kastellstraße 11, 65183 Wiesbaden;nein;
09.03.2025;06414000;152;0152 Anton-Gruner-Schule;W;Anton-Gruner-Schule, Erdgeschoss, Zimmer 1;Lehrstraße 10, 65183 Wiesbaden;nein;
09.03.2025;06414000;211;0211 Robert-Schumann-Schule;W;Robert-Schumann-Schule, Eingang Neubau, Zi. 1;Schumannstraße 18, 65193 Wiesbaden;ja;
09.03.2025;06414000;212;0212 Robert-Schumann-Schule;W;Robert-Schumann-Schule, Eingang Neubau, Zi. 21;Schumannstraße 18, 65193 Wiesbaden;ja;
09.03.2025;06414000;213;0213 Robert-Schumann-Schule;W;Robert-Schumann-Schule, Eingang Neubau, Zi. 2;Schumannstraße 18, 65193 Wiesbaden;ja;
09.03.2025;06414000;221;0221 thalhaus;W;thalhaus, Saal;Nerotal 18, 65193 Wiesbaden;ja;
09.03.2025;06414000;222;0222 Ev. Verein f. Innere Mission;W;Ev. Verein f. Innere Mission, EG, Aula, Schule am Geisberg;Jonas-Schmidt-Straße 2, 65193 Wiesbaden;ja;
09.03.2025;06414000;231;0231 thalhaus;W;thalhaus, Saal;Nerotal 18, 65193 Wiesbaden;ja;
09.03.2025;06414000;232;0232 Johannes-Maaß-Schule;W;Johannes-Maaß-Schule, Hauptgeb., EG, Zi. 003;Johannes-Maaß-Straße 1, 65193 Wiesbaden;nein;
09.03.2025;06414000;241;0241 Ev. Kreuzkirchengemeinde;W;Ev. Kreuzkirchengemeinde, Gemeindesaal;Walkmühltalanlagen 1, 65195 Wiesbaden;ja;
09.03.2025;06414000;242;0242 Comeniusschule;W;Comeniusschule, Mittelbau, EG, R. B 024, Mensa;Comeniusstraße 5, 65195 Wiesbaden;ja;
09.03.2025;06414000;243;0243 Riederbergschule;W;Riederbergschule, Zimmer 2;Philippsbergstr. 26 bis 28, 65195 Wiesbaden;nein;
09.03.2025;06414000;244;0244 Riederbergschule;W;Riederbergschule, Zimmer 6;Philippsbergstr. 26 bis 28, 65195 Wiesbaden;nein;
09.03.2025;06414000;251;0251 Albrecht-Dürer-Schule;W;Albrecht-Dürer-Schule, Erdgeschoss, Zimmer 131;Lahnstraße 34, 65195 Wiesbaden;nein;
09.03.2025;06414000;271;0271 Martin-Niemöller-Schule;W;Martin-Niemöller-Schule, EG, Zi. 175;Bierstadter Straße 47, 65189 Wiesbaden;ja;
09.03.2025;06414000;281;0281 Obermayr Europa-Schule;W;Obermayr Europa-Schule, Eing. Rosenstr. 1, Mensa;Bierstadter Straße 14, 65189 Wiesbaden;ja;
09.03.2025;06414000;311;0311 Helene-Lange-Schule;W;Helene-Lange-Schule, Erdgeschoss, Zimmer 104;Langenbeckstr. 6 bis 18, 65189 Wiesbaden;nein;
09.03.2025;06414000;321;0321 Obermayr Europa-Schule;W;Obermayr Europa-Schule, Eing. Rosenstr. 1, Mensa;Bierstadter Straße 14, 65189 Wiesbaden;ja;
09.03.2025;06414000;322;0322 Helene-Lange-Schule;W;Helene-Lange-Schule, Erdgeschoss, Zimmer 106;Langenbeckstr. 6 bis 18, 65189 Wiesbaden;nein;
09.03.2025;06414000;331;0331 Helene-Lange-Schule;W;Helene-Lange-Schule, Erdgeschoss, Zimmer 105;Langenbeckstr. 6 bis 18, 65189 Wiesbaden;nein;
09.03.2025;06414000;421;0421 Schulze-Delitzsch-Schule;W;Schulze-Delitzsch-Schule, Erdgeschoss, Zimmer B 30;Welfenstraße 13, 65189 Wiesbaden;ja;
09.03.2025;06414000;451;0451 Friedrich-Ebert-Schule;W;Friedrich-Ebert-Schule, Zimmer A 013;Balthasar-Neumann-Straße 1, 65189 Wiesbaden;ja;
09.03.2025;06414000;452;0452 Adalbert-Stifter-Schule;W;Adalbert-Stifter-Schule, EG, Zimmer 026, Mensa;Brunhildenstraße 2, 65189 Wiesbaden;nein;
09.03.2025;06414000;453;0453 Adalbert-Stifter-Schule;W;Adalbert-Stifter-Schule, EG, Zimmer 027;Brunhildenstraße 2, 65199 Wiesbaden;nein;
09.03.2025;06414000;461;0461 Adalbert-Stifter-Schule;W;Adalbert-Stifter-Schule, EG, Aula;Brunhildenstraße 2, 65189 Wiesbaden;nein;
09.03.2025;06414000;511;0511 Mittelstufenschule;W;Mittelstufenschule, Ecke Klopstockstr. Container;Wolfram-v.-Eschenbach-Str. , 65187 Wiesbaden;nein;
09.03.2025;06414000;512;0512 Gutenbergschule;W;Gutenbergschule, EG, Mensa;Mosbacher Straße 1, 65187 Wiesbaden;ja;
09.03.2025;06414000;513;0513 Mittelstufenschule;W;Mittelstufenschule, Ecke Klopstockstr. Container;Wolfram-v.-Eschenbach-Str. , 65187 Wiesbaden;nein;
09.03.2025;06414000;521;0521 Gutenbergschule;W;Gutenbergschule, EG, Mensa;Mosbacher Straße 1, 65187 Wiesbaden;ja;
09.03.2025;06414000;522;0522 Gymnasium am Mosbacher Berg;W;Gymnasium am Mosbacher Berg, Geb. M, Zimmer M 20;Mosbacher Straße 59, 65187 Wiesbaden;ja;
09.03.2025;06414000;611;0611 Gerh.-Hauptmann-Schule;W;Gerh.-Hauptmann-Schule, Eing. Blumenthalstr. Mensa;Manteuffelstraße 12, 65197 Wiesbaden;ja;
09.03.2025;06414000;621;0621 Friedrich-Ludwig-Jahn-Schule;W;Friedrich-Ludwig-Jahn-Schule, Eing. Adelheidstr., EG, Mensa;Karlstraße 21 bis 25, 65185 Wiesbaden;ja;
09.03.2025;06414000;622;0622 Hilde-Müller-Haus;W;Hilde-Müller-Haus, Saal;Wallufer Platz 2, 65197 Wiesbaden;ja;
09.03.2025;06414000;623;0623 IGS Rheingauviertel;W;IGS Rheingauviertel, Neubau, Erdg. Zi. C 020;Lorcher Straße 12, 65197 Wiesbaden;ja;
09.03.2025;06414000;624;0624 Gerh.-Hauptmann-Schule;W;Gerh.-Hauptmann-Schule, Eing. Blumenthalstr. Mensa;Manteuffelstraße 12, 65197 Wiesbaden;ja;
09.03.2025;06414000;631;0631 IGS Rheingauviertel;W;IGS Rheingauviertel, Neubau, Erdg. Zi. C 029;Lorcher Straße 12, 65197 Wiesbaden;ja;
09.03.2025;06414000;641;0641 IGS Rheingauviertel;W;IGS Rheingauviertel, Neubau, Erdg. Zi. C 030;Lorcher Straße 12, 65197 Wiesbaden;ja;
09.03.2025;06414000;642;0642 IGS Rheingauviertel;W;IGS Rheingauviertel, Neubau, Erdg. Zi. C 031;Lorcher Straße 12, 65197 Wiesbaden;ja;
09.03.2025;06414000;651;0651 Kinderhaus Kleinfeldchen;W;Kinderhaus Kleinfeldchen, Turnhalle Hintereingang;Dotzheimer Straße 161, 65197 Wiesbaden;ja;
09.03.2025;06414000;671;0671 Albrecht-Dürer-Schule;W;Albrecht-Dürer-Schule, Erdgeschoss, Mensa;Lahnstraße 34, 65195 Wiesbaden;nein;
09.03.2025;06414000;711;0711 Sophie-u.-Hans-Scholl-Schule;W;Sophie-u.-Hans-Scholl-Schule, Eing. Klosterw. EG, Zi. 024 A;Geschwister-Scholl-Str. 10, 65197 Wiesbaden;ja;
09.03.2025;06414000;721;0721 Sophie-u.-Hans-Scholl-Schule;W;Sophie-u.-Hans-Scholl-Schule, Seiteneing. EG, Zi. 024 B;Geschwister-Scholl-Str. 10, 65197 Wiesbaden;ja;
09.03.2025;06414000;722;0722 Sophie-u.-Hans-Scholl-Schule;W;Sophie-u.-Hans-Scholl-Schule, Seiteneing. 1. OG, Zi. 124;Geschwister-Scholl-Str. 10, 65197 Wiesbaden;ja;
09.03.2025;06414000;723;0723 Sophie-u.-Hans-Scholl-Schule;W;Sophie-u.-Hans-Scholl-Schule, Seiteneing. 1. OG, Zi. 125;Geschwister-Scholl-Str. 10, 65197 Wiesbaden;ja;
09.03.2025;06414000;811;0811 Elly-Heuss-Schule;W;Elly-Heuss-Schule, Container, Raum 081;Pl. d. Deutschen Einheit 2, 65185 Wiesbaden;ja;
09.03.2025;06414000;812;0812 Elly-Heuss-Schule;W;Elly-Heuss-Schule, Container, Raum 082;Pl. d. Deutschen Einheit 2, 65185 Wiesbaden;ja;
09.03.2025;06414000;821;0821 Blücherschule;W;Blücherschule, Erdg., Zimmer 2, links;Blücherplatz 1, 65195 Wiesbaden;nein;
09.03.2025;06414000;822;0822 Blücherschule;W;Blücherschule, Erdg., Zimmer 3, links;Blücherplatz 1, 65195 Wiesbaden;nein;
09.03.2025;06414000;823;0823 Blücherschule;W;Blücherschule, Erdg., Zimmer 4, links;Blücherplatz 1, 65195 Wiesbaden;nein;
09.03.2025;06414000;824;0824 Blücherschule;W;Blücherschule, Erdg., Zimmer 5, links;Blücherplatz 1, 65195 Wiesbaden;nein;
09.03.2025;06414000;825;0825 Blücherschule;W;Blücherschule, Erdg., Zimmer 11, rechts;Blücherplatz 1, 65195 Wiesbaden;nein;
09.03.2025;06414000;1111;1111 Bürgerhaus Sonnenberg;W;Bürgerhaus Sonnenberg, Kaisersaal;König-Adolf-Straße 6, 65191 Wiesbaden;ja;
09.03.2025;06414000;1121;1121 SchulKinderhaus;W;SchulKinderhaus, Raum 1;Am Schlossberg 30, 65191 Wiesbaden;nein;
09.03.2025;06414000;1131;1131 Bürgerhaus Sonnenberg;W;Bürgerhaus Sonnenberg, Kaisersaal;König-Adolf-Straße 6, 65191 Wiesbaden;ja;
09.03.2025;06414000;1132;1132 Evangelische Versöhnungsgemeinde;W;Evangelische Versöhnungsgemeinde, Zwergenraum;Kirchbachstraße 44, 65191 Wiesbaden;ja;
09.03.2025;06414000;1141;1141 Ev. Kirchengemeinde Wartburg;W;Ev. Kirchengemeinde Wartburg;Kreuzbergstraße 9, 65193 Wiesbaden;ja;
09.03.2025;06414000;1171;1171 Ev. Thomasgemeinde;W;Ev. Thomasgemeinde, Gemeindehaus;Richard-Wagner-Straße 88A, 65193 Wiesbaden;ja;
09.03.2025;06414000;1211;1211 Theodor-Fliedner-Schule;W;Theodor-Fliedner-Schule, Gebäude B, Zimmer 14;Biegerstraße 15, 65191 Wiesbaden;ja;
09.03.2025;06414000;1212;1212 Gemeindehaus ev. Kirchengemeinde;W;Gemeindehaus ev. Kirchengemeinde, Großer Saal;Anton-Jäger-Straße 2, 65191 Wiesbaden;ja;
09.03.2025;06414000;1213;1213 Gemeindehaus ev. Kirchengemeinde;W;Gemeindehaus ev. Kirchengemeinde, Großer Konfirmandenraum;Anton-Jäger-Straße 2, 65191 Wiesbaden;ja;
09.03.2025;06414000;1221;1221 Altenhilfezentrum Konrad Arndt;W;Altenhilfezentrum Konrad Arndt, Großer Saal;Meißener Straße 25, 65191 Wiesbaden;ja;
09.03.2025;06414000;1222;1222 Altenwohnanlage Konrad Arndt;W;Altenwohnanlage Konrad Arndt, Gemeinschaftsraum;Meißener Straße 13, 65191 Wiesbaden;ja;
09.03.2025;06414000;1223;1223 Altenhilfezentrum Konrad Arndt;W;Altenhilfezentrum Konrad Arndt, Großer Saal;Meißener Straße 25, 65191 Wiesbaden;ja;
09.03.2025;06414000;1241;1241 Altenwohnanlage Konrad Arndt;W;Altenwohnanlage Konrad Arndt, Gemeinschaftsraum;Meißener Straße 13, 65191 Wiesbaden;ja;
09.03.2025;06414000;1261;1261 Theodor-Fliedner-Schule;W;Theodor-Fliedner-Schule, Gebäude B, Zimmer 13;Biegerstraße 15, 65191 Wiesbaden;ja;
09.03.2025;06414000;1271;1271 Evangelische Versöhnungsgemeinde;W;Evangelische Versöhnungsgemeinde, Gemeindesaal;Kirchbachstraße 44, 65191 Wiesbaden;ja;
09.03.2025;06414000;1311;1311 Justus-v.-Liebig-Schule (Neubau);W;Justus-v.-Liebig-Schule (Neubau), Zimmer 005;Lilienthalstraße 11, 65205 Wiesbaden;ja;
09.03.2025;06414000;1312;1312 Hermann-Ehlers-Schule;W;Hermann-Ehlers-Schule, Pavillon A 1;Tempelhofer Straße 57, 65205 Wiesbaden;ja;
09.03.2025;06414000;1313;1313 Justus-v.-Liebig-Schule (Neubau);W;Justus-v.-Liebig-Schule (Neubau), Zimmer 006;Lilienthalstraße 11, 65205 Wiesbaden;ja;
09.03.2025;06414000;1321;1321 Hermann-Ehlers-Schule;W;Hermann-Ehlers-Schule, Pavillon A 2;Tempelhofer Straße 57, 65205 Wiesbaden;ja;
09.03.2025;06414000;1322;1322 Justus-v.-Liebig-Schule (Neubau);W;Justus-v.-Liebig-Schule (Neubau), Zimmer 009;Lilienthalstraße 11, 65205 Wiesbaden;ja;
09.03.2025;06414000;1411;1411 Fluxusschule Biebrich;W;Fluxusschule Biebrich, EG, Mehrzweckraum;Pfälzer Straße 7, 65203 Wiesbaden;ja;
09.03.2025;06414000;1412;1412 Wilh.-Heinrich-v.-Riehl-Schule;W;Wilh.-Heinrich-v.-Riehl-Schule, Eing. Riehlstr. Neub. Zi. 010;Rud.-Dyckerhoff-Str. 10, 65203 Wiesbaden;ja;
09.03.2025;06414000;1413;1413 Rathaus Biebrich;W;Rathaus Biebrich, 1. Stock, Trausaal;Rathausstraße 63, 65203 Wiesbaden;ja;
09.03.2025;06414000;1414;1414 Goetheschule;W;Goetheschule, Zimmer 5;Goethestraße 8, 65203 Wiesbaden;nein;
09.03.2025;06414000;1415;1415 Wilh.-Heinrich-v.-Riehl-Schule;W;Wilh.-Heinrich-v.-Riehl-Schule, Eing. Riehlstr. Neub. Zi. 018;Rud.-Dyckerhoff-Str. 10, 65203 Wiesbaden;ja;
09.03.2025;06414000;1421;1421 Pestalozzischule;W;Pestalozzischule, Zimmer 3;Hubertusstraße 1 bis 5, 65203 Wiesbaden;nein;
09.03.2025;06414000;1431;1431 Wilh.-Heinrich-v.-Riehl-Schule;W;Wilh.-Heinrich-v.-Riehl-Schule, Eing. Riehlstr. Neub. Zi. 015;Rud.-Dyckerhoff-Str. 10, 65203 Wiesbaden;ja;
09.03.2025;06414000;1471;1471 Altenwohnanlage Parkfeld II;W;Altenwohnanlage Parkfeld II, Speisesaal;Hahnemannstraße 6, 65203 Wiesbaden;ja;
09.03.2025;06414000;1472;1472 Otto-Stückrath-Schule;W;Otto-Stückrath-Schule, Zimmer 101;Alb.-Schweitzer-Allee 40, 65203 Wiesbaden;ja;
09.03.2025;06414000;1473;1473 Otto-Stückrath-Schule;W;Otto-Stückrath-Schule, Zimmer 105;Alb.-Schweitzer-Allee 40, 65203 Wiesbaden;ja;
09.03.2025;06414000;1511;1511 Fr.-v.-Bodelschwingh-Schule;W;Fr.-v.-Bodelschwingh-Schule, Zimmer 75;Pörtschacher Straße 12, 65187 Wiesbaden;ja;
09.03.2025;06414000;1512;1512 Fr.-v.-Bodelschwingh-Schule;W;Fr.-v.-Bodelschwingh-Schule, Zimmer 75;Pörtschacher Straße 12, 65187 Wiesbaden;ja;
09.03.2025;06414000;1513;1513 Ludwig-Beck-Schule;W;Ludwig-Beck-Schule, Eing. Villacher Str. Zi. H 2;Wörther-See-Straße 8, 65187 Wiesbaden;nein;
09.03.2025;06414000;1531;1531 Diesterwegschule;W;Diesterwegschule, Eing. Baumstr. Geb. C, Zi. C 4;Waldstraße 52, 65187 Wiesbaden;ja;
09.03.2025;06414000;1541;1541 Diesterwegschule;W;Diesterwegschule, Eing. Baumstr. Geb. C, Zi. C 4;Waldstraße 52, 65187 Wiesbaden;ja;
09.03.2025;06414000;1542;1542 Diesterwegschule;W;Diesterwegschule, Eing. Baumstr. Geb. B, Zi. 14;Waldstraße 52, 65187 Wiesbaden;ja;
09.03.2025;06414000;1543;1543 Diesterwegschule;W;Diesterwegschule, Eing. Baumstr. Geb. B, Zi. 14;Waldstraße 52, 65187 Wiesbaden;ja;
09.03.2025;06414000;1551;1551 Gymnasium am Mosbacher Berg;W;Gymnasium am Mosbacher Berg, Geb. M, Zimmer M 23;Mosbacher Straße 59, 65187 Wiesbaden;ja;
09.03.2025;06414000;1552;1552 Ev. Heilig-Geist-Kirchengemeinde;W;Ev. Heilig-Geist-Kirchengemeinde, Gemeindesaal, Unterkirche;Drususstraße 26, 65187 Wiesbaden;ja;
09.03.2025;06414000;1581;1581 Grundschule Sauerland;W;Grundschule Sauerland, Seiteneing., rechts, EG, Foyer;Föhrer Straße 78, 65199 Wiesbaden;ja;
09.03.2025;06414000;1611;1611 Helen-Keller-Schule;W;Helen-Keller-Schule, Zimmer 6;Landgrabenstraße 9, 65199 Wiesbaden;nein;
09.03.2025;06414000;1612;1612 Philipp-Reis-Schule;W;Philipp-Reis-Schule, Zimmer 1;Mühlborngasse 17, 65199 Wiesbaden;nein;
09.03.2025;06414000;1613;1613 Philipp-Reis-Schule;W;Philipp-Reis-Schule, Zimmer 4;Mühlborngasse 17, 65199 Wiesbaden;nein;
09.03.2025;06414000;1621;1621 Kohlheckschule;W;Kohlheckschule, Zimmer 1;Kohlheckstraße 43, 65199 Wiesbaden;nein;
09.03.2025;06414000;1622;1622 Kohlheckschule;W;Kohlheckschule, Zimmer 4;Kohlheckstraße 43, 65199 Wiesbaden;nein;
09.03.2025;06414000;1623;1623 Kohlheckschule;W;Kohlheckschule, Zimmer 3;Kohlheckstraße 43, 65199 Wiesbaden;nein;
09.03.2025;06414000;1624;1624 Freie Christliche Schule;W;Freie Christliche Schule, EG, E.5;Finkenweg 2, 65199 Wiesbaden;nein;
09.03.2025;06414000;1641;1641 Grundschule Sauerland;W;Grundschule Sauerland, Seiteneing, rechts, EG, Foyer;Föhrer Straße 78, 65199 Wiesbaden;ja;
09.03.2025;06414000;1642;1642 Grundschule Sauerland;W;Grundschule Sauerland, Seiteneing., EG, Raum 05;Föhrer Straße 78, 65199 Wiesbaden;ja;
09.03.2025;06414000;1651;1651 Kinderhaus Freudenberg;W;Kinderhaus Freudenberg, Turnhalle;Butterblumenweg 5, 65201 Wiesbaden;nein;
09.03.2025;06414000;1661;1661 Stadtteilz. Schelmengraben;W;Stadtteilz. Schelmengraben, EG, Zi. 1.12, Saal links;Karl-Marx-Straße 1, 65199 Wiesbaden;ja;
09.03.2025;06414000;1662;1662 Stadtteilz. Schelmengraben;W;Stadtteilz. Schelmengraben, EG, Zi 1.12, Saal links;Karl-Marx-Straße 1, 65199 Wiesbaden;ja;
09.03.2025;06414000;1681;1681 Helen-Keller-Schule;W;Helen-Keller-Schule, Zimmer 10;Landgrabenstraße 9, 65199 Wiesbaden;nein;
09.03.2025;06414000;1691;1691 Joseph-von-Eichendorff-Schule;W;Joseph-von-Eichendorff-Schule, Neubau, UG, Mehrzweckraum -121;Otto-Reutter-Straße 5, 65201 Wiesbaden;ja;
09.03.2025;06414000;2111;2111 Evangelisches Gemeindezentrum;W;Evangelisches Gemeindezentrum, Gemeindesaal;Kirchweg 1, 65207 Wiesbaden;nein;
09.03.2025;06414000;2112;2112 Adolf-Reichwein-Schule;W;Adolf-Reichwein-Schule, Zimmer 4;Trompeterstraße 51, 65207 Wiesbaden;nein;
09.03.2025;06414000;2211;2211 Ev. Bodelschwinghgemeinde;W;Ev. Bodelschwinghgemeinde, Gemeindehaus;Jagdweg 2, 65207 Wiesbaden;ja;
09.03.2025;06414000;2311;2311 Ernst-Göbel-Schule;W;Ernst-Göbel-Schule, Haupteing. Neubau, EG, Zi. 17;Heßlocher Straße 29, 65207 Wiesbaden;ja;
09.03.2025;06414000;2312;2312 Ernst-Göbel-Schule;W;Ernst-Göbel-Schule, Haupteing. Neubau, EG, Zi. 19;Heßlocher Straße 29, 65207 Wiesbaden;ja;
09.03.2025;06414000;2411;2411 Peter-Rosegger-Schule;W;Peter-Rosegger-Schule, Neubau, DG, Versammlungsraum;Hauptstraße 13 bis 15, 65207 Wiesbaden;ja;
09.03.2025;06414000;2412;2412 Peter-Rosegger-Schule;W;Peter-Rosegger-Schule, Neubau, DG, Versammlungsraum;Hauptstraße 13 bis 15, 65207 Wiesbaden;ja;
09.03.2025;06414000;2511;2511 Grundschule Nordenstadt;W;Grundschule Nordenstadt, Raum 017, Mensa;An der Schule 1, 65205 Wiesbaden;ja;
09.03.2025;06414000;2512;2512 Grundschule Nordenstadt;W;Grundschule Nordenstadt, Erdgeschoss, Raum 004;An der Schule 1, 65205 Wiesbaden;ja;
09.03.2025;06414000;2513;2513 Grundschule Nordenstadt;W;Grundschule Nordenstadt, Erdgeschoss, Raum 002;An der Schule 1, 65205 Wiesbaden;ja;
09.03.2025;06414000;2521;2521 Grundschule Nordenstadt;W;Grundschule Nordenstadt, Erdgeschoss, Raum 021 A;An der Schule 1, 65205 Wiesbaden;ja;
09.03.2025;06414000;2522;2522 Grundschule Nordenstadt;W;Grundschule Nordenstadt, Erdgeschoss, Raum 014;An der Schule 1, 65205 Wiesbaden;ja;
09.03.2025;06414000;2523;2523 Grundschule Nordenstadt;W;Grundschule Nordenstadt, Erdgeschoss, Raum 015;An der Schule 1, 65205 Wiesbaden;ja;
09.03.2025;06414000;2611;2611 Bürgerhaus Delkenheim;W;Karl-Gärtner-Schule, Raum 05;Wilhelm-Dietz-Straße 5, 65205 Wiesbaden;nein;
09.03.2025;06414000;2612;2612 Bürgerhaus Delkenheim;W;Karl-Gärtner-Schule, Raum 05;Wilhelm-Dietz-Straße 5, 65205 Wiesbaden;nein;
09.03.2025;06414000;2613;2613 Karl-Gärtner-Schule;W;Karl-Gärtner-Schule, Mensa;Wilhelm-Dietz-Straße 5, 65205 Wiesbaden;ja;
09.03.2025;06414000;2711;2711 Erich-Kästner-Schule;W;Erich-Kästner-Schule, E 08, Aula;Zehntenhofstraße 20, 65201 Wiesbaden;ja;
09.03.2025;06414000;2712;2712 Erich-Kästner-Schule;W;Erich-Kästner-Schule, E 08, Aula;Zehntenhofstraße 20, 65201 Wiesbaden;ja;
09.03.2025;06414000;2713;2713 Erich-Kästner-Schule;W;Erich-Kästner-Schule, E 13;Zehntenhofstraße 20, 65201 Wiesbaden;ja;
09.03.2025;06414000;2721;2721 Erich-Kästner-Schule;W;Erich-Kästner-Schule, E 05;Zehntenhofstraße 20, 65201 Wiesbaden;ja;
09.03.2025;06414000;2731;2731 Joseph-von-Eichendorff-Schule;W;Joseph-von-Eichendorff-Schule, Neubau, UG, Raum -122;Otto-Reutter-Straße 5, 65201 Wiesbaden;ja;
09.03.2025;06414000;2732;2732 Joseph-von-Eichendorff-Schule;W;Joseph-von-Eichendorff-Schule, Neubau, EG, Raum 026;Otto-Reutter-Straße 5, 65201 Wiesbaden;ja;
09.03.2025;06414000;2811;2811 Alfred-Delp-Schule;W;Alfred-Delp-Schule, Turnhalle;Alfred-Delp-Straße 53, 65201 Wiesbaden;ja;
09.03.2025;06414000;2812;2812 Alfred-Delp-Schule;W;Alfred-Delp-Schule, Turnhalle;Alfred-Delp-Straße 53, 65201 Wiesbaden;ja;
09.03.2025;06414000;3111;3111 Forum;W;Forum, Anbau;Kellerskopfstraße 4, 65207 Wiesbaden;ja;
09.03.2025;06414000;3112;3112 Kellerskopfhalle Naurod;W;Kellerskopfhalle Naurod, Anbau;Laurentiusstraße 36 bis 38, 65207 Wiesbaden;ja;
09.03.2025;06414000;3113;3113 Forum;W;Forum, Saal;Kellerskopfstraße 4, 65207 Wiesbaden;ja;
09.03.2025;06414000;3211;3211 Ehemalige Katholische Kirche;W;Ehemalige Katholische Kirche;Schlehenweg 7, 65207 Wiesbaden;nein;
09.03.2025;06414000;3212;3212 Ortsverwaltung Auringen;W;Ortsverwaltung Auringen;Kirchenhügel 3, 65207 Wiesbaden;ja;
09.03.2025;06414000;3213;3213 Mehrzweckhalle;W;Mehrzweckhalle;Bremthaler Weg 2, 65207 Wiesbaden;ja;
09.03.2025;06414000;3311;3311 Bürgerhaus Medenbach;W;Bürgerhaus Medenbach;Am Sportfeld 4, 65207 Wiesbaden;ja;
09.03.2025;06414000;3312;3312 Bürgerhaus Medenbach;W;Bürgerhaus Medenbach;Am Sportfeld 4, 65207 Wiesbaden;ja;
09.03.2025;06414000;3411;3411 Evangelisches Gemeindehaus;W;Evangelisches Gemeindehaus, Großer Saal;Am Rathaus 12, 65207 Wiesbaden;ja;
09.03.2025;06414000;3412;3412 Neue Grundschule Breckenheim;W;Neue Grundschule Breckenheim, Raum 014;Lärchenstraße 2, 65207 Wiesbaden;ja;
09.03.2025;06414000;3413;3413 Neue Grundschule Breckenheim;W;Neue Grundschule Breckenheim, Raum 023;Am alten Weinberg 50, 65207 Wiesbaden;ja;
09.03.2025;06414000;5111;5111 Johann-Hinrich-Wichern-Schule;W;Johann-Hinrich-Wichern-Schule, Eing. Fröbelstr. Mehrzweckraum;Dyckerhoffstraße 22, 65203 Mainz-Amöneburg;ja;
09.03.2025;06414000;5211;5211 Bürgerhaus Mz-Kastel;W;Bürgerhaus Mz-Kastel, 1. OG, Großer Saal;Zehnthofstraße 41, 55252 Mainz-Kastel;ja;
09.03.2025;06414000;5212;5212 Bürgerhaus Mz-Kastel;W;Bürgerhaus Mz-Kastel, 1. OG, Großer Saal;Zehnthofstraße 41, 55252 Mainz-Kastel;ja;
09.03.2025;06414000;5221;5221 Kindertagesstätte AWO;W;Kindertagesstätte AWO, Fledermausraum;Marie-Juchacz-Straße 48, 55252 Mainz-Kastel;ja;
09.03.2025;06414000;5222;5222 Kindertagesstätte AWO;W;Kindertagesstätte AWO, Salamanderraum;Marie-Juchacz-Straße 48, 55252 Mainz-Kastel;ja;
09.03.2025;06414000;5261;5261 Kindertagesstätte Kastel;W;Kindertagesstätte Kastel, Bewegungsraum;Am Eichelwäldchen 6, 55252 Mainz-Kastel;ja;
09.03.2025;06414000;5262;5262 Krautgartenschule -Im Sampel;W;Krautgartenschule -Im Sampel, Erdgeschoss, Zimmer 10;Steinern Straße 54, 55246 Mainz-Kostheim;ja;
09.03.2025;06414000;5311;5311 Bürgerhaus Mz-Kostheim;W;Bürgerhaus Mz-Kostheim, Großer Saal;Winterstraße 20, 55246 Mainz-Kostheim;ja;
09.03.2025;06414000;5312;5312 Bürgerhaus Mz-Kostheim;W;Bürgerhaus Mz-Kostheim, Großer Saal;Winterstraße 20, 55246 Mainz-Kostheim;ja;
09.03.2025;06414000;5321;5321 Brüder-Grimm-Schule;W;Brüder-Grimm-Schule, Großer Pavillon, Raum 1;Schiersteiner Str. /Ko 34, 55246 Mainz-Kostheim;ja;
09.03.2025;06414000;5322;5322 Brüder-Grimm-Schule;W;Brüder-Grimm-Schule, Großer Pavillon, Raum 2;Schiersteiner Str. /Ko 34, 55246 Mainz-Kostheim;ja;
09.03.2025;06414000;5323;5323 Brüder-Grimm-Schule;W;Brüder-Grimm-Schule, Großer Pavillon, Raum 3;Schiersteiner Str. /Ko 34, 55246 Mainz-Kostheim;ja;
09.03.2025;06414000;5324;5324 Bürgerhaus Mz-Kostheim;W;Bürgerhaus Mz-Kostheim, Großer Saal;Winterstraße 20, 55246 Mainz-Kostheim;ja;
09.03.2025;06414000;5331;5331 Ortsverwaltung Kastel/Kostheim;W;Ortsverwaltung Kastel/Kostheim, Sitzungssaal;St.-Veiter-Platz 1, 55246 Mainz-Kostheim;ja;
09.03.2025;06414000;5332;5332 Krautgartenschule -Im Sampel;W;Krautgartenschule -Im Sampel, Erdgeschoss, Zimmer 12;Steinern Straße 54, 55246 Mainz-Kostheim;ja;
09.03.2025;06414000;99011;B99011 Briefwahlbezirk;B;Briefwahllokal;Friedrichstraße 16, 65183 Wiesbaden;;
09.03.2025;06414000;99012;B99012 Briefwahlbezirk;B;Briefwahllokal;Friedrichstraße 16, 65183 Wiesbaden;;
09.03.2025;06414000;99013;B99013 Briefwahlbezirk;B;Briefwahllokal;Friedrichstraße 16, 65183 Wiesbaden;;
09.03.2025;06414000;99014;B99014 Briefwahlbezirk;B;Briefwahllokal;Friedrichstraße 16, 65183 Wiesbaden;;
09.03.2025;06414000;99015;B99015 Briefwahlbezirk;B;Briefwahllokal;Friedrichstraße 16, 65183 Wiesbaden;;
09.03.2025;06414000;99021;B99021 Briefwahlbezirk;B;Briefwahllokal;Friedrichstraße 16, 65183 Wiesbaden;;
09.03.2025;06414000;99022;B99022 Briefwahlbezirk;B;Briefwahllokal;Friedrichstraße 16, 65183 Wiesbaden;;
09.03.2025;06414000;99023;B99023 Briefwahlbezirk;B;Briefwahllokal;Friedrichstraße 16, 65183 Wiesbaden;;
09.03.2025;06414000;99024;B99024 Briefwahlbezirk;B;Briefwahllokal;Friedrichstraße 16, 65183 Wiesbaden;;
09.03.2025;06414000;99025;B99025 Briefwahlbezirk;B;Briefwahllokal;Friedrichstraße 16, 65183 Wiesbaden;;
09.03.2025;06414000;99026;B99026 Briefwahlbezirk;B;Briefwahllokal;Friedrichstraße 16, 65183 Wiesbaden;;
09.03.2025;06414000;99027;B99027 Briefwahlbezirk;B;Briefwahllokal;Friedrichstraße 16, 65183 Wiesbaden;;
09.03.2025;06414000;99031;B99031 Briefwahlbezirk;B;Briefwahllokal;Friedrichstraße 16, 65183 Wiesbaden;;
09.03.2025;06414000;99032;B99032 Briefwahlbezirk;B;Briefwahllokal;Friedrichstraße 16, 65183 Wiesbaden;;
09.03.2025;06414000;99033;B99033 Briefwahlbezirk;B;Briefwahllokal;Friedrichstraße 16, 65183 Wiesbaden;;
09.03.2025;06414000;99034;B99034 Briefwahlbezirk;B;Briefwahllokal;Friedrichstraße 16, 65183 Wiesbaden;;
09.03.2025;06414000;99035;B99035 Briefwahlbezirk;B;Briefwahllokal;Friedrichstraße 16, 65183 Wiesbaden;;
09.03.2025;06414000;99036;B99036 Briefwahlbezirk;B;Briefwahllokal;Friedrichstraße 16, 65183 Wiesbaden;;
09.03.2025;06414000;99037;B99037 Briefwahlbezirk;B;Briefwahllokal;Friedrichstraße 16, 65183 Wiesbaden;;
09.03.2025;06414000;99061;B99061 Briefwahlbezirk;B;Briefwahllokal;Friedrichstraße 16, 65183 Wiesbaden;;
09.03.2025;06414000;99062;B99062 Briefwahlbezirk;B;Briefwahllokal;Friedrichstraße 16, 65183 Wiesbaden;;
09.03.2025;06414000;99063;B99063 Briefwahlbezirk;B;Briefwahllokal;Friedrichstraße 16, 65183 Wiesbaden;;
09.03.2025;06414000;99064;B99064 Briefwahlbezirk;B;Briefwahllokal;Friedrichstraße 16, 65183 Wiesbaden;;
09.03.2025;06414000;99065;B99065 Briefwahlbezirk;B;Briefwahllokal;Friedrichstraße 16, 65183 Wiesbaden;;
09.03.2025;06414000;99071;B99071 Briefwahlbezirk;B;Briefwahllokal;Friedrichstraße 16, 65183 Wiesbaden;;
09.03.2025;06414000;99072;B99072 Briefwahlbezirk;B;Briefwahllokal;Friedrichstraße 16, 65183 Wiesbaden;;
09.03.2025;06414000;99081;B99081 Briefwahlbezirk;B;Briefwahllokal;Friedrichstraße 16, 65183 Wiesbaden;;
09.03.2025;06414000;99082;B99082 Briefwahlbezirk;B;Briefwahllokal;Friedrichstraße 16, 65183 Wiesbaden;;
09.03.2025;06414000;99083;B99083 Briefwahlbezirk;B;Briefwahllokal;Friedrichstraße 16, 65183 Wiesbaden;;
09.03.2025;06414000;99084;B99084 Briefwahlbezirk;B;Briefwahllokal;Friedrichstraße 16, 65183 Wiesbaden;;
09.03.2025;06414000;99111;B99111 Briefwahlbezirk;B;Briefwahllokal;Friedrichstraße 16, 65183 Wiesbaden;;
09.03.2025;06414000;99112;B99112 Briefwahlbezirk;B;Briefwahllokal;Friedrichstraße 16, 65183 Wiesbaden;;
09.03.2025;06414000;99113;B99113 Briefwahlbezirk;B;Briefwahllokal;Friedrichstraße 16, 65183 Wiesbaden;;
09.03.2025;06414000;99121;B99121 Briefwahlbezirk;B;Briefwahllokal;Friedrichstraße 16, 65183 Wiesbaden;;
09.03.2025;06414000;99122;B99122 Briefwahlbezirk;B;Briefwahllokal;Friedrichstraße 16, 65183 Wiesbaden;;
09.03.2025;06414000;99123;B99123 Briefwahlbezirk;B;Briefwahllokal;Friedrichstraße 16, 65183 Wiesbaden;;
09.03.2025;06414000;99124;B99124 Briefwahlbezirk;B;Briefwahllokal;Friedrichstraße 16, 65183 Wiesbaden;;
09.03.2025;06414000;99131;B99131 Briefwahlbezirk;B;Briefwahllokal;Friedrichstraße 16, 65183 Wiesbaden;;
09.03.2025;06414000;99132;B99132 Briefwahlbezirk;B;Briefwahllokal;Friedrichstraße 16, 65183 Wiesbaden;;
09.03.2025;06414000;99133;B99133 Briefwahlbezirk;B;Briefwahllokal;Friedrichstraße 16, 65183 Wiesbaden;;
09.03.2025;06414000;99141;B99141 Briefwahlbezirk;B;Briefwahllokal;Friedrichstraße 16, 65183 Wiesbaden;;
09.03.2025;06414000;99142;B99142 Briefwahlbezirk;B;Briefwahllokal;Friedrichstraße 16, 65183 Wiesbaden;;
09.03.2025;06414000;99143;B99143 Briefwahlbezirk;B;Briefwahllokal;Friedrichstraße 16, 65183 Wiesbaden;;
09.03.2025;06414000;99144;B99144 Briefwahlbezirk;B;Briefwahllokal;Friedrichstraße 16, 65183 Wiesbaden;;
09.03.2025;06414000;99145;B99145 Briefwahlbezirk;B;Briefwahllokal;Friedrichstraße 16, 65183 Wiesbaden;;
09.03.2025;06414000;99146;B99146 Briefwahlbezirk;B;Briefwahllokal;Friedrichstraße 16, 65183 Wiesbaden;;
09.03.2025;06414000;99147;B99147 Briefwahlbezirk;B;Briefwahllokal;Friedrichstraße 16, 65183 Wiesbaden;;
09.03.2025;06414000;99148;B99148 Briefwahlbezirk;B;Briefwahllokal;Friedrichstraße 16, 65183 Wiesbaden;;
09.03.2025;06414000;99149;B99149 Briefwahlbezirk;B;Briefwahllokal;Friedrichstraße 16, 65183 Wiesbaden;;
09.03.2025;06414000;99161;B99161 Briefwahlbezirk;B;Briefwahllokal;Friedrichstraße 16, 65183 Wiesbaden;;
09.03.2025;06414000;99162;B99162 Briefwahlbezirk;B;Briefwahllokal;Friedrichstraße 16, 65183 Wiesbaden;;
09.03.2025;06414000;99163;B99163 Briefwahlbezirk;B;Briefwahllokal;Friedrichstraße 16, 65183 Wiesbaden;;
09.03.2025;06414000;99164;B99164 Briefwahlbezirk;B;Briefwahllokal;Friedrichstraße 16, 65183 Wiesbaden;;
09.03.2025;06414000;99165;B99165 Briefwahlbezirk;B;Briefwahllokal;Friedrichstraße 16, 65183 Wiesbaden;;
09.03.2025;06414000;99166;B99166 Briefwahlbezirk;B;Briefwahllokal;Friedrichstraße 16, 65183 Wiesbaden;;
09.03.2025;06414000;99167;B99167 Briefwahlbezirk;B;Briefwahllokal;Friedrichstraße 16, 65183 Wiesbaden;;
09.03.2025;06414000;99211;B99211 Briefwahlbezirk;B;Briefwahllokal;Friedrichstraße 16, 65183 Wiesbaden;;
09.03.2025;06414000;99221;B99221 Briefwahlbezirk;B;Briefwahllokal;Friedrichstraße 16, 65183 Wiesbaden;;
09.03.2025;06414000;99231;B99231 Briefwahlbezirk;B;Briefwahllokal;Friedrichstraße 16, 65183 Wiesbaden;;
09.03.2025;06414000;99241;B99241 Briefwahlbezirk;B;Briefwahllokal;Friedrichstraße 16, 65183 Wiesbaden;;
09.03.2025;06414000;99251;B99251 Briefwahlbezirk;B;Briefwahllokal;Friedrichstraße 16, 65183 Wiesbaden;;
09.03.2025;06414000;99252;B99252 Briefwahlbezirk;B;Briefwahllokal;Friedrichstraße 16, 65183 Wiesbaden;;
09.03.2025;06414000;99253;B99253 Briefwahlbezirk;B;Briefwahllokal;Friedrichstraße 16, 65183 Wiesbaden;;
09.03.2025;06414000;99261;B99261 Briefwahlbezirk;B;Briefwahllokal;Friedrichstraße 16, 65183 Wiesbaden;;
09.03.2025;06414000;99262;B99262 Briefwahlbezirk;B;Briefwahllokal;Friedrichstraße 16, 65183 Wiesbaden;;
09.03.2025;06414000;99271;B99271 Briefwahlbezirk;B;Briefwahllokal;Friedrichstraße 16, 65183 Wiesbaden;;
09.03.2025;06414000;99272;B99272 Briefwahlbezirk;B;Briefwahllokal;Friedrichstraße 16, 65183 Wiesbaden;;
09.03.2025;06414000;99273;B99273 Briefwahlbezirk;B;Briefwahllokal;Friedrichstraße 16, 65183 Wiesbaden;;
09.03.2025;06414000;99281;B99281 Briefwahlbezirk;B;Briefwahllokal;Friedrichstraße 16, 65183 Wiesbaden;;
09.03.2025;06414000;99311;B99311 Briefwahlbezirk;B;Briefwahllokal;Friedrichstraße 16, 65183 Wiesbaden;;
09.03.2025;06414000;99312;B99312 Briefwahlbezirk;B;Briefwahllokal;Friedrichstraße 16, 65183 Wiesbaden;;
09.03.2025;06414000;99321;B99321 Briefwahlbezirk;B;Briefwahllokal;Friedrichstraße 16, 65183 Wiesbaden;;
09.03.2025;06414000;99322;B99322 Briefwahlbezirk;B;Briefwahllokal;Friedrichstraße 16, 65183 Wiesbaden;;
09.03.2025;06414000;99331;B99331 Briefwahlbezirk;B;Briefwahllokal;Friedrichstraße 16, 65183 Wiesbaden;;
09.03.2025;06414000;99341;B99341 Briefwahlbezirk;B;Briefwahllokal;Friedrichstraße 16, 65183 Wiesbaden;;
09.03.2025;06414000;99342;B99342 Briefwahlbezirk;B;Briefwahllokal;Friedrichstraße 16, 65183 Wiesbaden;;
09.03.2025;06414000;99511;B99511 Briefwahlbezirk;B;Briefwahllokal;Friedrichstraße 16, 65183 Wiesbaden;;
09.03.2025;06414000;99521;B99521 Briefwahlbezirk;B;Briefwahllokal;Friedrichstraße 16, 65183 Wiesbaden;;
09.03.2025;06414000;99522;B99522 Briefwahlbezirk;B;Briefwahllokal;Friedrichstraße 16, 65183 Wiesbaden;;
09.03.2025;06414000;99523;B99523 Briefwahlbezirk;B;Briefwahllokal;Friedrichstraße 16, 65183 Wiesbaden;;
09.03.2025;06414000;99531;B99531 Briefwahlbezirk;B;Briefwahllokal;Friedrichstraße 16, 65183 Wiesbaden;;
09.03.2025;06414000;99532;B99532 Briefwahlbezirk;B;Briefwahllokal;Friedrichstraße 16, 65183 Wiesbaden;;
09.03.2025;06414000;99533;B99533 Briefwahlbezirk;B;Briefwahllokal;Friedrichstraße 16, 65183 Wiesbaden;;
09.03.2025;06414000;99534;B99534 Briefwahlbezirk;B;Briefwahllokal;Friedrichstraße 16, 65183 Wiesbaden;;